Metric,Baseline OpenAI,Baseline Mixtral,MultiQueryRetriever with Stuffing Mixtral,Multi vs OpenAI Baseline,Multi vs Mixtral Baseline,Baseline OpenAI vs. Baseline Mixtral,winner,winner vs. MultiQueryRetriever with Stuffing Mixtral
faithfulness,1.0,0.9857142857142858,1.0,0.0,0.014285714285714235,0.014285714285714235,Baseline OpenAI,0.0
answer_relevancy,0.9402922214945105,0.9288463626679819,0.9158703421980317,-0.024421879296478877,-0.012976020469950278,0.011445858826528599,Baseline OpenAI,0.024421879296478877
context_recall,1.0,1.0,1.0,0.0,0.0,0.0,Baseline OpenAI,0.0
context_precision,0.8972222221784258,0.8972222221784258,0.8531944444043553,-0.04402777777407052,-0.04402777777407052,0.0,Baseline OpenAI,0.04402777777407052
answer_correctness,0.684927859533873,0.5515772348263656,0.5967317115606514,-0.08819614797322162,0.04515447673428585,0.13335062470750747,Baseline OpenAI,0.08819614797322162
