Metric,Baseline OpenAI,Baseline Mixtral,MultiQueryRetriever with Stuffing Mixtral,Multi vs OpenAI Baseline,Multi vs Mixtral Baseline,Baseline OpenAI vs. Baseline Mixtral,winner,winner vs. MultiQueryRetriever with Stuffing Mixtral
faithfulness,0.8722222222222222,0.9037037037037037,0.9814814814814815,0.10925925925925928,0.07777777777777783,-0.031481481481481444,MultiQueryRetriever with Stuffing Mixtral,0.0
answer_relevancy,0.9380657324647148,0.8409119244666264,0.8779546929031383,-0.060111039561576485,0.037042768436511886,0.09715380799808837,Baseline OpenAI,0.060111039561576485
context_recall,1.0,1.0,0.925,-0.07499999999999996,-0.07499999999999996,0.0,Baseline OpenAI,0.07499999999999996
context_precision,0.9749999999483332,0.9749999999483332,0.8945634920242732,-0.08043650792405999,-0.08043650792405999,0.0,Baseline OpenAI,0.08043650792405999
answer_correctness,0.7361647896982713,0.7360305658259239,0.7826011943544882,0.0464364046562169,0.046570628528564306,0.0001342238723474054,MultiQueryRetriever with Stuffing Mixtral,0.0
